device,backend,model_id,precision,n,success_rate,mean_load_sec,mean_infer_sec,p50_infer_sec,mean_latency_sec,mean_rtf,p50_rtf,mean_WER,mean_CER,rank_score_fair,rank_score_realtime
gpu,faster_whisper,openai/whisper-large-v3,float16,36,1.0,0.10753080222962631,0.48411380008070004,0.45927324146032333,0.5916446023103263,0.09345764239470922,0.09320192756889237,0.37967654396906875,0.13444970549419122,134.93381929427193,93.5920921002034
gpu,faster_whisper,openai/whisper-medium,float16,36,1.0,0.05775969827340709,0.36217639897949994,0.34306316589936614,0.41993609725290704,0.07069566133426858,0.06981709827085136,0.5015234490062865,0.18975545530637036,190.11763170534985,70.88541678957495
gpu,faster_whisper,openai/whisper-medium,int8_float16,36,1.0,0.22686873748898506,0.41032540182479554,0.3805438126437366,0.6371941393137805,0.07859942427041199,0.07795836190721668,0.5097252914472594,0.18906496808810916,189.47529348993396,78.78848923850009
gpu,faster_whisper,openai/whisper-small,float16,36,1.0,0.0979113647610777,0.21766600967384875,0.20399250090122223,0.31557737443492645,0.04235395899781635,0.042124365263419346,0.7589465584984273,0.31469473530121866,314.9124013108925,42.668653733117566
gpu,faster_whisper,openai/whisper-small,int8_float16,36,1.0,0.04809035290963948,0.25866626469521886,0.23914136132225394,0.30675661760485834,0.05026551192381649,0.05078336395950033,0.7447615066798896,0.29638828444713095,296.64695071182615,50.56190020826362
